{
    "name": "leftCam",
    "port": 0,
    "widthNative": 640,
    "heightNative": 480,
    "hfov": 90,
    "x": -0.09525,
    "y": 0.0485,
    "z": 0.0254,
    "calibrationMatrix": [
        [
            608.6614183350229,
            0.0,
            277.64458894568304
        ],
        [
            0.0,
            612.4757685162931,
            205.69286653834774
        ],
        [
            0.0,
            0.0,
            1.0
        ]
    ],
    "distortionCoefficients": [
        [
            -0.33956942504037607
        ],
        [
            0.12334483908902447
        ],
        [
            -0.0021704463640817846
        ],
        [
            0.0007264004080491259
        ],
        [
            -0.028929626021268803
        ]
    ]
}