{
    "name": "leftCam",
    "port": 1,
    "widthNative": 1920,
    "heightNative": 1080,
    "hfov": 90,
    "x": -0.09,
    "y": 0.045,
    "z": 0.025,
    "calibrationMatrix": [
        [1459.5231354918496, 0, 832.4540220670708],
        [0, 1466.4797018923778, 463.2404410219117],
        [0, 0, 1]
    ],
    "distortionCoefficients": [
        [
            -0.3617007417720118
        ],
        [
            0.15128631032274578
        ],
        [
            -0.0006527259339420204
        ],
        [
            -0.0010465227889859484
        ],
        [
            -0.03659413391535098
        ]
    ]
}
