{
    "name": "leftCam",
    "port": 0,
    "widthNative": 1920,
    "heightNative": 1080,
    "hfov": 90,
    "x": -0.09525,
    "y": 0.0485,
    "z": 0.0254,
    "calibrationMatrix": [
        [
            973.0154236612332,
            0,
            554.9693480447139
        ],
        [
            0,
            977.6531345949186,
            308.82696068127444
        ],
        [
            0,
            0,
            1
        ]
    ],
    "distortionCoefficients": [
        [
            -0.3617007417720118
        ],
        [
            0.15128631032274578
        ],
        [
            -0.0006527259339420204
        ],
        [
            -0.0010465227889859484
        ],
        [
            -0.03659413391535098
        ]
    ]
}
