{
    "name": "rightCam",
    "port": 1,
    "widthNative": 1280,
    "heightNative": 720,
    "hfov": 48.80887495,
    "x": 0.09525,
    "y": 0.0485,
    "z": 0.0254,
    "calibrationMatrix": [
        [
            2136.651189116548,
            0,
            1017.5551309479015
        ],
        [
            0,
            2155.423854224789,
            491.7326898021337
        ],
        [
            0,
            0,
            1
        ]
    ],
    "distortionCoefficients": [
        [
            0.1947389099586247
        ],
        [
            -0.4378239199371739
        ],
        [
            -0.006919984229621114
        ],
        [
            0.005882513339448832
        ],
        [
            -0.8125853302687356
        ]
    ]
}
