{
    "name": "rightCam",
    "port": 1,
    "widthNative": 1280,
    "heightNative": 720,
    "hfov": 48.80887495,
    "x": 0.105,
    "y": 0.045,
    "z": 0.025,
    "calibrationMatrix": [
        [1424.4341260776985, 0, 678.370087298601],
        [0, 1436.9492361498594, 327.82179320142245],
        [0, 0, 1]
    ],
    "distortionCoefficients": [
        [
            0.1947389099586247
        ],
        [
            -0.4378239199371739
        ],
        [
            -0.006919984229621114
        ],
        [
            0.005882513339448832
        ],
        [
            -0.8125853302687356
        ]
    ]
}
