{
    "name": "rightCam",
    "port": 1,
    "widthNative": 1280,
    "heightNative": 720,
    "hfov": 48.80887495,
    "x": 0.09525,
    "y": 0.0485,
    "z": 0.0254,
    "calibrationMatrix": [
        [
            902.8483299082725,
            0.0,
            350.5262825687209
        ],
        [
            0.0,
            911.9434175416623,
            307.03326698389384
        ],
        [
            0.0,
            0.0,
            1.0
        ]
    ],
    "distortionCoefficients": [
        [
            0.003172203922427552
        ],
        [
            0.35311385355303954
        ],
        [
            0.017672315681720594
        ],
        [
            0.011996156270444938
        ],
        [
            -1.114603391809918
        ]
    ]
}